priceFromates,prices,rating,title
"
    
        
        
            Kindle
        
    
,
    
        
        
            Paperback
        
    
,
    
        
        
            Audible Audiobook
        
    
","$,0,.,00,$,11,.,99,$,0,.,00",4.3 out of 5 stars,Last Day
"
    
        
        
            Hardcover
        
    
,
    
        
        
            Kindle
        
    
","$,28,.,95,$,19,.,99",4.7 out of 5 stars,The Last Winter of the Weimar Republic: The Rise of the Third Reich
"
    
        
        
            Paperback
        
    
,
    
        
        
            Kindle
        
    
,
    
        
        
            Spiral-bound
        
    
","$,10,.,69,$,3,.,99,$,24,.,99",4.6 out of 5 stars,"You Can Draw in 30 Days: The Fun, Easy Way to Learn to Draw in One Month or Less"
"
    
        
        
            Hardcover
        
    
","$,26,.,33",4.8 out of 5 stars,The Last Kids on Earth: The Monster Box (books 1-3)
"
    
        
        
            Hardcover
        
    
,
    
        
        
            Kindle
        
    
,
    
        
        
            Paperback
        
    
","$,16,.,22,$,0,.,00",4.6 out of 5 stars,The Whole30: The 30-Day Guide to Total Health and Food Freedom
"
    
        
        
            Kindle
        
    
,
    
        
        
            Paperback
        
    
,
    
        
        
            Audible Audiobook
        
    
","$,9,.,99,$,12,.,99,$,0,.,00",4.6 out of 5 stars,One Little Lie (The Pelican Harbor Series Book 1)
"
    
        
        
            Hardcover
        
    
,
    
        
        
            Kindle
        
    
,
    
        
        
            Audible Audiobook
        
    
","$,9,.,78,$,8,.,99,$,0,.,00",4.9 out of 5 stars,The Last Kids on Earth and the Midnight Blade
"
    
        
        
            Kindle Edition
        
    
","$,5,.,00",5.0 out of 5 stars,"The List: From Slavery to George Floyd (Colorized): For Those Who Want a Brief Understanding of History, Systemic, and Structural Racism in America"
"
    
        
        
            Hardcover
        
    
","$,29,.,95",4.3 out of 5 stars,The 30-day Diabetes Cure (Featuring the Diabetes Healing Diet) by Dr. Stefan Ripich & Jim Healthy (2012-05-03)
"
    
        
        
            Paperback
        
    
,
    
        
        
            Kindle
        
    
","$,9,.,99",4.6 out of 5 stars,The 30-Day Ketogenic Cleanse: Reset Your Metabolism with 160 Tasty Whole-Food Recipes & Meal Plans (1)
"
    
        
        
            Paperback
        
    
,
    
        
        
            Audible Audiobook
        
    
,
    
        
        
            Kindle
        
    
","$,0,.,00,$,12,.,99",4.7 out of 5 stars,10-Day Green Smoothie Cleanse
"
    
        
        
            Kindle
        
    
,
    
        
        
            Paperback
        
    
,
    
        
        
            Audible Audiobook
        
    
","$,1,.,99,$,2,.,30,$,0,.,00",4.6 out of 5 stars,As a Man Thinketh
"
    
        
        
            Paperback
        
    
","$,58,.,70",4.2 out of 5 stars,"PPI FE Civil Review, 1st Edition (Paperback) – A Comprehensive FE Civil Review Manual"
"
    
        
        
            Paperback
        
    
,
    
        
        
            Kindle
        
    
,
    
        
        
            Spiral-bound
        
    
","$,14,.,79,$,12,.,99,$,18,.,45",4.7 out of 5 stars,"Instant Loss: Eat Real, Lose Weight: How I Lost 125 Pounds―Includes 100+ Recipes"
"
    
        
        
            Flexibound
        
    
,
    
        
        
            Kindle
        
    
,
    
        
        
            Paperback
        
    
","$,9,.,99",4.5 out of 5 stars,The Whole30 Day by Day: Your Daily Guide to Whole30 Success
"
    
        
        
            Audible Audiobook
        
    
,
    
        
        
            Kindle
        
    
,
    
        
        
            Hardcover
        
    
","$,0,.,00,$,14,.,99,$,16,.,74",4.6 out of 5 stars,The Summer House
"
    
        
        
            Paperback
        
    
,
    
        
        
            Hardcover
        
    
","$,19,.,99,$,26,.,90",3.7 out of 5 stars,Tracy Anderson's 30-Day Method: The Weight-Loss Kick-Start that Makes Perfection Possible
"
    
        
        
            Kindle
        
    
,
    
        
        
            Audible Audiobook
        
    
,
    
        
        
            MP3 CD
        
    
","$,2,.,99,$,0,.,00,$,14,.,99",4.4 out of 5 stars,Thirty Day Boyfriend
"
    
        
        
            Paperback
        
    
,
    
        
        
            Kindle
        
    
","$,14,.,29,$,13,.,99",4.8 out of 5 stars,"30 Days to Understanding the Bible, 30th Anniversary: Unlock the Scriptures in 15 minutes a day"
"
    
        
        
            Paperback
        
    
,
    
        
        
            Kindle
        
    
","$,9,.,51,$,0,.,00",4.6 out of 5 stars,90 Minutes in Heaven: A True Story of Death & Life
"
    
        
        
            Kindle
        
    
,
    
        
        
            Paperback
        
    
","$,0,.,00,$,12,.,50",5.0 out of 5 stars,Peace in the Storm (Bellingwood Book 30)
"
    
        
        
            Kindle
        
    
,
    
        
        
            Hardcover
        
    
,
    
        
        
            Audible Audiobook
        
    
","$,14,.,99,$,17,.,49,$,0,.,00",4.2 out of 5 stars,Masked Prey (A Prey Novel Book 30)
"
    
        
        
            Paperback
        
    
",,4.4 out of 5 stars,FE Mechanical Practice Problems
"
    
        
        
            Paperback
        
    
,
    
        
        
            Kindle
        
    
","$,16,.,39,$,7,.,49",4.9 out of 5 stars,The Last Days Of Letterman
"
    
        
        
            Kindle
        
    
,
    
        
        
            Audible Audiobook
        
    
,
    
        
        
            Mass Market Paperback
        
    
","$,9,.,99,$,0,.,00,$,7,.,48",4.5 out of 5 stars,The Guardians: A Novel
"
    
        
        
            Audible Audiobook
        
    
,
    
        
        
            Kindle
        
    
,
    
        
        
            Mass Market Paperback
        
    
","$,0,.,00,$,7,.,99,$,7,.,48",4.3 out of 5 stars,The Perfect Husband
"
    
        
        
            Hardcover
        
    
","$,41,.,44",4.2 out of 5 stars,Human Anatomy & Physiology (11th Edition)
"
    
        
        
            Paperback
        
    
,
    
        
        
            Spiral-bound
        
    
",,4.5 out of 5 stars,Teach Your Child to Read in 100 Easy Lessons
"
    
        
        
            Paperback
        
    
,
    
        
        
            Audible Audiobook
        
    
,
    
        
        
            Kindle
        
    
","$,0,.,00,$,18,.,99",4.6 out of 5 stars,The 48 Laws of Power
"
    
        
        
            Hardcover
        
    
,
    
        
        
            Kindle
        
    
,
    
        
        
            Audible Audiobook
        
    
","$,10,.,86,$,8,.,99,$,0,.,00",4.9 out of 5 stars,The Last Kids on Earth: June's Wild Flight
"
    
        
        
            Paperback
        
    
","$,95,.,20",4.6 out of 5 stars,"PPI FE Chemical Review Manual, 1st Edition (Paperback) – Comprehensive Review Guide for the NCEES FE Chemical Exam"
"
    
        
        
            Diary
        
    
","$,11,.,79",4.6 out of 5 stars,"One Line A Day: A Five-Year Memory Book (5 Year Journal, Daily Journal, Yearly Journal, Memory Journal)"
"
    
        
        
            Paperback
        
    
,
    
        
        
            Kindle
        
    
,
    
        
        
            Audible Audiobook
        
    
","$,9,.,99,$,0,.,00",4.7 out of 5 stars,"The 36-Hour Day, sixth edition: The 36-Hour Day: A Family Guide to Caring for People Who Have Alzheimer Disease, Other Dementias, and Memory Loss (A Johns Hopkins Press Health Book)"
"
    
        
        
            Kindle
        
    
,
    
        
        
            Hardcover
        
    
,
    
        
        
            Audible Audiobook
        
    
","$,12,.,99,$,16,.,20,$,0,.,00",4.3 out of 5 stars,Writers & Lovers: A Novel
"
    
        
        
            Hardcover
        
    
,
    
        
        
            Kindle
        
    
,
    
        
        
            Audible Audiobook
        
    
","$,22,.,05,$,16,.,17,$,0,.,00",4.8 out of 5 stars,"Michelangelo, God's Architect: The Story of His Final Years and Greatest Masterpiece"
"
    
        
        
            Kindle
        
    
,
    
        
        
            Mass Market Paperback
        
    
,
    
        
        
            Audible Audiobook
        
    
","$,9,.,99,$,0,.,00",4.1 out of 5 stars,Blue Moon: A Jack Reacher Novel
"
    
        
        
            Hardcover
        
    
,
    
        
        
            Kindle
        
    
","$,115,.,99,$,110,.,19",4.0 out of 5 stars,Ew 101: A First Course in Electronic Warfare (Artech House Radar Library)
"
    
        
        
            Paperback
        
    
,
    
        
        
            Kindle
        
    
,
    
        
        
            Spiral-bound
        
    
","$,17,.,99,$,9,.,99,$,29,.,99",4.8 out of 5 stars,Keto Comfort Foods: Family Favorite Recipes Made Low-Carb and Healthy (1)
"
    
        
        
            Kindle
        
    
,
    
        
        
            Paperback
        
    
","$,0,.,00,$,7,.,99",4.5 out of 5 stars,30 Days to a Clean and Organized House: A complete guide to transforming your home
"
    
        
        
            Audible Audiobook
        
    
,
    
        
        
            Hardcover
        
    
,
    
        
        
            Kindle
        
    
","$,0,.,00,$,18,.,48,$,7,.,99",4.8 out of 5 stars,Can't Hurt Me: Master Your Mind and Defy the Odds
"
    
        
        
            Hardcover
        
    
","$,21,.,58",4.9 out of 5 stars,"Harry Potter and the Goblet of Fire: The Illustrated Edition (Harry Potter, Book 4) (4)"
"
    
        
        
            Kindle
        
    
,
    
        
        
            Paperback
        
    
","$,3,.,99,$,9,.,99",4.4 out of 5 stars,Swipe Right for a Cowboy (Riverrun Ranch Book 1)
"
    
        
        
            Hardcover
        
    
,
    
        
        
            Kindle
        
    
","$,65,.,63,$,30,.,57",4.7 out of 5 stars,"The Liberation Trilogy Boxed Set: An Army at Dawn, The Day of Battle, The Guns at Last Light"
"
    
        
        
            Kindle
        
    
,
    
        
        
            Audible Audiobook
        
    
,
    
        
        
            Paperback
        
    
","$,9,.,99,$,0,.,00,$,10,.,44",4.2 out of 5 stars,Long Road to Mercy (An Atlee Pine Thriller Book 1)
"
    
        
        
            Paperback
        
    
,
    
        
        
            Kindle
        
    
,
    
        
        
            Loose Leaf
        
    
","$,24,.,23,$,41,.,94,$,84,.,22",4.4 out of 5 stars,Network+ Guide to Networks
"
    
        
        
            Paperback
        
    
,
    
        
        
            Kindle
        
    
","$,11,.,99",4.8 out of 5 stars,Green Smoothies for Life
"
    
        
        
            Kindle
        
    
,
    
        
        
            Paperback
        
    
","$,1,.,99",4.6 out of 5 stars,Super Juice Me!: 28 Day Juice Plan
"
    
        
        
            Kindle
        
    
,
    
        
        
            Audible Audiobook
        
    
,
    
        
        
            Paperback
        
    
","$,9,.,99,$,0,.,00,$,12,.,79",4.4 out of 5 stars,Sunrise on Half Moon Bay
"
    
        
        
            Paperback
        
    
,
    
        
        
            Audible Audiobook
        
    
","$,0,.,00",4.6 out of 5 stars,180 Days: Two Teachers and the Quest to Engage and Empower Adolescents
"
    
        
        
            Paperback
        
    
,
    
        
        
            Audible Audiobook
        
    
,
    
        
        
            Kindle
        
    
","$,14,.,89,$,0,.,00,$,6,.,49",4.8 out of 5 stars,"Thank You, Cancer: 30 Days to Realize Nothing Is Impossible"
"
    
        
        
            Kindle
        
    
,
    
        
        
            Audible Audiobook
        
    
,
    
        
        
            Paperback
        
    
","$,3,.,99,$,0,.,00",4.6 out of 5 stars,Broken Dawn (Immortal Guardians Book 10)
"
    
        
        
            Paperback
        
    
,
    
        
        
            Kindle
        
    
,
    
        
        
            Hardcover
        
    
","$,16,.,75,$,9,.,99,$,19,.,99",4.5 out of 5 stars,Thirty Days With Abraham Lincoln: Quiet Fire
"
    
        
        
            Paperback
        
    
,
    
        
        
            Audible Audiobook
        
    
,
    
        
        
            Kindle
        
    
","$,14,.,49,$,0,.,00,$,13,.,99",4.6 out of 5 stars,"This Naked Mind: Control Alcohol, Find Freedom, Discover Happiness & Change Your Life"
"
    
        
        
            Hardcover
        
    
","$,29,.,49",4.9 out of 5 stars,"Cornelius Ryan: The Longest Day (D-Day June 6, 1944), A Bridge Too Far (LOA #318)"
"
    
        
        
            Kindle
        
    
,
    
        
        
            Paperback
        
    
","$,0,.,00,$,15,.,99",4.4 out of 5 stars,Fighting For a Second Chance (Fighting Series Book 1)
"
    
        
        
            Hardcover
        
    
","$,27,.,07",4.4 out of 5 stars,Keep Up Your Biblical Greek in Two Minutes a Day: Vol 1 (The 2 Minutes a Day Biblical Language Series) (English and Greek Edition)
"
    
        
        
            Kindle
        
    
","$,0,.,00",4.9 out of 5 stars,Evil Genius 4: Becoming the Apex Supervillain
"
    
        
        
            Hardcover
        
    
,
    
        
        
            eTextbook
        
    
,
    
        
        
            Paperback
        
    
","$,38,.,73,$,34,.,50,$,87,.,01",4.2 out of 5 stars,Business Communication: Process & Product
"
    
        
        
            Hardcover
        
    
,
    
        
        
            Kindle
        
    
","$,15,.,77,$,0,.,00",4.5 out of 5 stars,The Whole30 Cookbook: 150 Delicious and Totally Compliant Recipes to Help You Succeed with the Whole30 and Beyond
"
    
        
        
            Kindle
        
    
,
    
        
        
            Audible Audiobook
        
    
,
    
        
        
            Hardcover
        
    
","$,12,.,99,$,0,.,00,$,17,.,79",4.1 out of 5 stars,The Other Mrs.: A Novel
"
    
        
        
            Hardcover
        
    
,
    
        
        
            Kindle
        
    
,
    
        
        
            Audible Audiobook
        
    
","$,19,.,29,$,15,.,99,$,0,.,00",4.7 out of 5 stars,From Here to Financial Happiness: Enrich Your Life in Just 77 Days
"
    
        
        
            Hardcover
        
    
,
    
        
        
            Kindle
        
    
,
    
        
        
            Audible Audiobook
        
    
","$,10,.,99,$,0,.,00",4.6 out of 5 stars,One of Us Is Lying
"
    
        
        
            Audible Audiobook
        
    
,
    
        
        
            Paperback
        
    
,
    
        
        
            Kindle
        
    
","$,0,.,00,$,17,.,96,$,0,.,00",4.6 out of 5 stars,The Miracle Morning: The Not-So-Obvious Secret Guaranteed to Transform Your Life - Before 8AM
"
    
        
        
            Audible Audiobook
        
    
,
    
        
        
            Mass Market Paperback
        
    
,
    
        
        
            Kindle
        
    
","$,0,.,00,$,9,.,99",4.5 out of 5 stars,One Second After
"
    
        
        
            Paperback
        
    
,
    
        
        
            Kindle
        
    
","$,29,.,95,$,18,.,61",4.8 out of 5 stars,Hiking Rocky Mountain National Park: The Essential Guide
"
    
        
        
            Kindle
        
    
,
    
        
        
            Audible Audiobook
        
    
,
    
        
        
            Paperback
        
    
","$,0,.,00,$,0,.,00,$,9,.,99",4.2 out of 5 stars,The (Secret) Baby
"
    
        
        
            Hardcover
        
    
,
    
        
        
            Kindle
        
    
","$,14,.,59,$,0,.,00",4.7 out of 5 stars,Scribble Stones
"
    
        
        
            Hardcover
        
    
,
    
        
        
            Audible Audiobook
        
    
,
    
        
        
            Kindle
        
    
","$,12,.,22,$,0,.,00,$,11,.,61",4.5 out of 5 stars,"The First 90 Days: Proven Strategies for Getting Up to Speed Faster and Smarter, Updated and Expanded"
"
    
        
        
            Paperback
        
    
,
    
        
        
            Audible Audiobook
        
    
,
    
        
        
            Kindle
        
    
","$,43,.,99,$,0,.,00,$,19,.,99",4.8 out of 5 stars,Trapped in a Video Game: The Complete Series
"
    
        
        
            Paperback
        
    
,
    
        
        
            Audible Audiobook
        
    
,
    
        
        
            Kindle
        
    
","$,8,.,63,$,0,.,00,$,10,.,99",4.7 out of 5 stars,The Last Season (P.S.)
"
    
        
        
            Audible Audiobook
        
    
,
    
        
        
            Kindle
        
    
,
    
        
        
            Paperback
        
    
","$,0,.,00,$,9,.,99",3.8 out of 5 stars,The Reckoning: A Novel
"
    
        
        
            Hardcover
        
    
,
    
        
        
            Kindle
        
    
","$,96,.,79",4.5 out of 5 stars,Sheep and Goat Medicine
"
    
        
        
            Hardcover
        
    
,
    
        
        
            Audible Audiobook
        
    
,
    
        
        
            Kindle
        
    
","$,10,.,24,$,0,.,00,$,11,.,99",4.7 out of 5 stars,Medical Medium Celery Juice: The Most Powerful Medicine of Our Time Healing Millions Worldwide
"
    
        
        
            Kindle Edition
        
    
","$,0,.,00",4.5 out of 5 stars,Avatar Free Comic Book Day 2011 (Avatar: The Last Airbender)
"
    
        
        
            Paperback
        
    
,
    
        
        
            Audible Audiobook
        
    
,
    
        
        
            Kindle
        
    
","$,0,.,00,$,12,.,99",4.7 out of 5 stars,The Seven Principles for Making Marriage Work: A Practical Guide from the Country's Foremost Relationship Expert
"
    
        
        
            Hardcover
        
    
,
    
        
        
            Kindle
        
    
,
    
        
        
            Audible Audiobook
        
    
","$,9,.,99,$,0,.,00",4.6 out of 5 stars,The First Forty Days: The Essential Art of Nourishing the New Mother
"
    
        
        
            Hardcover
        
    
,
    
        
        
            Kindle
        
    
,
    
        
        
            Audible Audiobook
        
    
","$,20,.,98,$,14,.,99,$,0,.,00",4.4 out of 5 stars,"Tombstone: The Earp Brothers, Doc Holliday, and the Vendetta Ride from Hell"
"
    
        
        
            Kindle
        
    
,
    
        
        
            Audible Audiobook
        
    
,
    
        
        
            Paperback
        
    
","$,0,.,00,$,0,.,00,$,14,.,99",4.6 out of 5 stars,Vortex Visions (Air Awakens: Vortex Chronicles Book 1)
"
    
        
        
            Paperback
        
    
,
    
        
        
            Kindle
        
    
,
    
        
        
            Audible Audiobook
        
    
","$,12,.,32,$,7,.,99,$,0,.,00",4.4 out of 5 stars,Thinner Leaner Stronger: The Simple Science of Building the Ultimate Female Body
"
    
        
        
            Hardcover
        
    
,
    
        
        
            Audible Audiobook
        
    
,
    
        
        
            Kindle
        
    
","$,17,.,39,$,0,.,00,$,0,.,00",4.4 out of 5 stars,The Leader Habit: Master the Skills You Need to Lead--in Just Minutes a Day
"
    
        
        
            Kindle
        
    
,
    
        
        
            Paperback
        
    
","$,4,.,99,$,16,.,95",5.0 out of 5 stars,Departed: David and Sara (Cliffside Bay Book 10)
"
    
        
        
            Hardcover
        
    
,
    
        
        
            eTextbook
        
    
","$,41,.,50,$,78,.,84",4.7 out of 5 stars,The Art of Electronics
"
    
        
        
            Audible Audiobook
        
    
,
    
        
        
            Audio CD
        
    
","$,0,.,00,$,36,.,08",4.0 out of 5 stars,Behind the Wheel - Spanish 1
"
    
        
        
            Paperback
        
    
,
    
        
        
            Audible Audiobook
        
    
,
    
        
        
            Kindle
        
    
","$,18,.,95,$,0,.,00,$,3,.,95",4.8 out of 5 stars,"Thirty Days Has September, The First Ten Days"
"
    
        
        
            Paperback
        
    
,
    
        
        
            Kindle
        
    
,
    
        
        
            Audible Audiobook
        
    
","$,13,.,99,$,0,.,00",4.4 out of 5 stars,Rules of Civility: A Novel
"
    
        
        
            Paperback
        
    
,
    
        
        
            Kindle
        
    
,
    
        
        
            Hardcover
        
    
","$,26,.,99,$,19,.,25",4.9 out of 5 stars,Jesus and the Last Supper
"
    
        
        
            Paperback
        
    
,
    
        
        
            Kindle
        
    
,
    
        
        
            Audible Audiobook
        
    
","$,9,.,59,$,9,.,99,$,0,.,00",4.3 out of 5 stars,"The Plant Paradox Quick and Easy: The 30-Day Plan to Lose Weight, Feel Great, and Live Lectin-Free"
"
    
        
        
            Paperback
        
    
,
    
        
        
            Kindle
        
    
","$,22,.,99,$,9,.,99",4.8 out of 5 stars,Keto Made Easy: Fat Adapted 50 Day Guide
"
    
        
        
            Hardcover
        
    
,
    
        
        
            Kindle
        
    
","$,12,.,49",4.4 out of 5 stars,"The Plant Paradox Cookbook: 100 Delicious Recipes to Help You Lose Weight, Heal Your Gut, and Live Lectin-Free"
"
    
        
        
            Kindle
        
    
,
    
        
        
            Paperback
        
    
,
    
        
        
            Audible Audiobook
        
    
","$,8,.,99,$,11,.,30,$,0,.,00",4.3 out of 5 stars,The Blue Bistro: A Novel
"
    
        
        
            Kindle
        
    
,
    
        
        
            Audible Audiobook
        
    
,
    
        
        
            Paperback
        
    
","$,9,.,09,$,0,.,00,$,18,.,14",4.5 out of 5 stars,Miss Pettigrew Lives for a Day
"
    
        
        
            Hardcover
        
    
,
    
        
        
            Kindle & comiXology
        
    
,
    
        
        
            Audible Audiobook
        
    
","$,10,.,62,$,9,.,99,$,0,.,00",4.9 out of 5 stars,Wrecking Ball (Diary of a Wimpy Kid Book 14)
"
    
        
        
            Product Bundle
        
    
","$,14,.,78",4.6 out of 5 stars,"Number Talks: Whole Number Computation, Grades K-5"
"
    
        
        
            Kindle
        
    
,
    
        
        
            Paperback
        
    
,
    
        
        
            Audible Audiobook
        
    
","$,9,.,99,$,8,.,49,$,0,.,00",4.5 out of 5 stars,Neon Prey (A Prey Novel Book 29)
"
    
        
        
            Paperback
        
    
,
    
        
        
            Kindle
        
    
","$,48,.,45,$,108,.,50",4.8 out of 5 stars,Little Miss: My Complete Collection Box Set
"
    
        
        
            Hardcover
        
    
,
    
        
        
            Kindle
        
    
","$,15,.,20,$,0,.,00",4.8 out of 5 stars,My Magical Words (The Magic of Me Series)
"
    
        
        
            Paperback
        
    
,
    
        
        
            Kindle
        
    
","$,48,.,45,$,108,.,50",4.8 out of 5 stars,Little Miss: My Complete Collection Box Set
"
    
        
        
            Hardcover
        
    
,
    
        
        
            Kindle
        
    
","$,15,.,20,$,0,.,00",4.8 out of 5 stars,My Magical Words (The Magic of Me Series)
"
    
        
        
            Audible Audiobook
        
    
,
    
        
        
            Kindle
        
    
,
    
        
        
            Paperback
        
    
","$,0,.,00,$,11,.,99,$,14,.,69",4.7 out of 5 stars,Persepolis Rising
"
    
        
        
            Paperback
        
    
,
    
        
        
            Kindle
        
    
","$,24,.,99,$,9,.,99",4.4 out of 5 stars,Child Care Millionaire: Secrets to Building a Profitable  7 or 8 Figure Child Care Business
"
    
        
        
            Kindle
        
    
,
    
        
        
            Audible Audiobook
        
    
,
    
        
        
            Mass Market Paperback
        
    
","$,6,.,99,$,0,.,00,$,7,.,99",4.4 out of 5 stars,Sweet Talk (Buchanan / Renard / MacKenna Book 10)
"
    
        
        
            Paperback
        
    
,
    
        
        
            Audible Audiobook
        
    
","$,0,.,00",4.3 out of 5 stars,Learn Windows PowerShell in a Month of Lunches
"
    
        
        
            Paperback
        
    
,
    
        
        
            Kindle
        
    
","$,11,.,89,$,0,.,00",4.4 out of 5 stars,Vegan Meal Prep: Ready-to-Go Meals and Snacks for Healthy Plant-Based Eating
"
    
        
        
            Hardcover
        
    
,
    
        
        
            Audible Audiobook
        
    
,
    
        
        
            Kindle
        
    
","$,0,.,00,$,14,.,99",4.3 out of 5 stars,"The Plant Paradox: The Hidden Dangers in ""Healthy"" Foods That Cause Disease and Weight Gain"
"
    
        
        
            Paperback
        
    
,
    
        
        
            Kindle & comiXology
        
    
","$,10,.,49,$,9,.,97",4.7 out of 5 stars,Dilbert Turns 30 (Volume 47)
"
    
        
        
            Paperback
        
    
","$,19,.,27",4.8 out of 5 stars,A New Program for Graphic Design
"
    
        
        
            Paperback
        
    
,
    
        
        
            Kindle
        
    
","$,14,.,00,$,0,.,00",4.6 out of 5 stars,Visions of the Coming Days: What To Look For And How To Prepare
"
    
        
        
            Paperback
        
    
,
    
        
        
            Kindle
        
    
,
    
        
        
            Audible Audiobook
        
    
","$,9,.,99,$,0,.,00",4.5 out of 5 stars,"Unfuck Your Brain: Getting Over Anxiety, Depression, Anger, Freak-Outs, and Triggers with science (5-Minute Therapy)"
"
    
        
        
            Paperback
        
    
","$,9,.,98",4.6 out of 5 stars,Summer Bridge Activities | Bridging Grades 3-4 | Summer Learning Workbook | 160pgs
"
    
        
        
            Spiral-bound
        
    
",,4.5 out of 5 stars,Comprehensive Myofascial Self Treatment - your path to authentic healing & pain relief
"
    
        
        
            Paperback
        
    
,
    
        
        
            Kindle
        
    
,
    
        
        
            Audible Audiobook
        
    
","$,11,.,99,$,0,.,00",4.4 out of 5 stars,Glass Sword (Red Queen)
"
    
        
        
            Paperback
        
    
,
    
        
        
            Kindle
        
    
","$,15,.,97,$,11,.,99",4.6 out of 5 stars,Every Day Easy Air Fryer: 100 Recipes Bursting with Flavor
"
    
        
        
            Paperback
        
    
,
    
        
        
            Kindle
        
    
,
    
        
        
            Audible Audiobook
        
    
","$,8,.,49,$,0,.,00,$,0,.,00",4.6 out of 5 stars,Code 7: Cracking the Code for an Epic Life
"
    
        
        
            Paperback
        
    
,
    
        
        
            Kindle
        
    
","$,6,.,95",4.9 out of 5 stars,Consecration to St. Joseph: The Wonders of Our Spiritual Father
"
    
        
        
            Hardcover
        
    
","$,18,.,73",4.9 out of 5 stars,Die Hard: The Ultimate Visual History
"
    
        
        
            Audible Audiobook
        
    
,
    
        
        
            Paperback
        
    
,
    
        
        
            Kindle
        
    
","$,0,.,00,$,13,.,59,$,11,.,99",4.2 out of 5 stars,Never Have I Ever: A Novel
"
    
        
        
            Hardcover
        
    
","$,35,.,02",4.9 out of 5 stars,Harley-Davidson: The Complete History
"
    
        
        
            Paperback
        
    
,
    
        
        
            Kindle
        
    
,
    
        
        
            Audible Audiobook
        
    
","$,14,.,95,$,9,.,99,$,0,.,00",4.9 out of 5 stars,30 Years Behind Bars: Trials of a Prison Doctor
"
    
        
        
            Kindle
        
    
,
    
        
        
            Paperback
        
    
,
    
        
        
            Hardcover
        
    
","$,8,.,95,$,18,.,95,$,29,.,95",4.9 out of 5 stars,Thirty Days Has September : The Second Ten Days
"
    
        
        
            Kindle
        
    
,
    
        
        
            Paperback
        
    
","$,0,.,00,$,19,.,97",3.6 out of 5 stars,Keto Diet for Beginners: 30-Day Keto Meal Plan for Rapid Weight Loss. Ketogenic Meal Prep Cookbook Full of Easy to Follow Recipes! Lose up to 20 Pounds in 30 Days! (Keto Diet for Beginners)
"
    
        
        
            Audible Audiobook
        
    
,
    
        
        
            Kindle
        
    
,
    
        
        
            Hardcover
        
    
","$,0,.,00,$,12,.,99",4.6 out of 5 stars,Giovanni's Room
"
    
        
        
            Paperback
        
    
","$,7,.,80",5.0 out of 5 stars,It's A Gr8 Day To...
"
    
        
        
            Paperback
        
    
,
    
        
        
            Kindle & comiXology
        
    
,
    
        
        
            Hardcover
        
    
","$,6,.,99,$,6,.,99,$,14,.,11",4.8 out of 5 stars,Kristy's Big Day (The Baby-Sitters Club Graphix #6): Full-Color Edition
"
    
        
        
            Paperback
        
    
,
    
        
        
            Kindle
        
    
","$,14,.,99,$,0,.,00",5.0 out of 5 stars,"ST. ANTHONY - Lost Items, Found Joy: A 30-Day Meditation Book and Journal"
"
    
        
        
            Hardcover
        
    
,
    
        
        
            Kindle
        
    
","$,13,.,83,$,13,.,99",4.6 out of 5 stars,"The Vegan Instant Pot Cookbook: Wholesome, Indulgent Plant-Based Recipes"
"
    
        
        
            Paperback
        
    
,
    
        
        
            Audible Audiobook
        
    
,
    
        
        
            Kindle
        
    
","$,0,.,00,$,10,.,99",4.6 out of 5 stars,Travels with Charley in Search of America
"
    
        
        
            Paperback
        
    
,
    
        
        
            Kindle
        
    
","$,13,.,36",4.7 out of 5 stars,Ready to Paint in 30 Minutes: Street Scenes in Watercolour
"
    
        
        
            Paperback
        
    
,
    
        
        
            Kindle
        
    
,
    
        
        
            Spiral-bound
        
    
","$,21,.,49,$,9,.,99,$,34,.,95",4.7 out of 5 stars,"Cook Once, Eat All Week: 26 Weeks of Gluten-Free, Affordable  Meal Prep to Preserve Your Time & Sanity"
"
    
        
        
            Audible Audiobook
        
    
,
    
        
        
            Paperback
        
    
,
    
        
        
            Hardcover
        
    
","$,0,.,00,$,23,.,66,$,24,.,49",4.8 out of 5 stars,"Innovating: A Doer's Manifesto for Starting from a Hunch, Prototyping Problems, Scaling Up, and Learning to Be Productively Wrong"
"
    
        
        
            Kindle
        
    
,
    
        
        
            Audible Audiobook
        
    
","$,0,.,00,$,0,.,00",4.5 out of 5 stars,Themes and Variations
"
    
        
        
            Paperback
        
    
","$,19,.,55",5.0 out of 5 stars,Blip: Humanity's 300 year self-terminating experiment with industrialism
"
    
        
        
            Paperback
        
    
,
    
        
        
            Kindle
        
    
","$,19,.,21,$,9,.,99",4.7 out of 5 stars,"Simply Keto: A Practical Approach to Health & Weight Loss, with 100+ Easy Low-Carb Recipes (1)"
"
    
        
        
            Audible Audiobook
        
    
,
    
        
        
            Kindle
        
    
,
    
        
        
            Paperback
        
    
","$,0,.,00,$,5,.,99",3.8 out of 5 stars,Fifty Shades of Grey: Book One of the Fifty Shades Trilogy
"
    
        
        
            Paperback
        
    
,
    
        
        
            Audible Audiobook
        
    
,
    
        
        
            Kindle Edition with Audio/Video
        
    
","$,0,.,00,$,5,.,99",4.7 out of 5 stars,Leaders Eat Last: Why Some Teams Pull Together and Others Don't
"
    
        
        
            Paperback
        
    
,
    
        
        
            Kindle
        
    
","$,22,.,95,$,16,.,99",4.8 out of 5 stars,Learning to Live and Love Like Jesus: A Discipleship Journey for Groups and Individuals
"
    
        
        
            Paperback
        
    
,
    
        
        
            Kindle
        
    
,
    
        
        
            Audible Audiobook
        
    
","$,9,.,99,$,0,.,00",4.6 out of 5 stars,"Keto: The Complete Guide to Success on The Ketogenic Diet, including Simplified Science and No-cook Meal Plans (1)"
"
    
        
        
            Paperback
        
    
,
    
        
        
            Kindle
        
    
","$,13,.,99,$,8,.,49",4.7 out of 5 stars,Allen Carr's Easy Way To Stop Smoking
"
    
        
        
            Paperback
        
    
","$,27,.,95",5.0 out of 5 stars,Tahoma and its People: A Natural History of Mount Rainer National Park
"
    
        
        
            Kindle
        
    
,
    
        
        
            Audible Audiobook
        
    
,
    
        
        
            Hardcover
        
    
","$,4,.,99,$,0,.,00,$,17,.,58",4.6 out of 5 stars,Digital Minimalism: Choosing a Focused Life in a Noisy World
"
    
        
        
            Hardcover
        
    
,
    
        
        
            Audible Audiobook
        
    
,
    
        
        
            Kindle
        
    
","$,14,.,49,$,0,.,00,$,14,.,99",4.5 out of 5 stars,The Longevity Paradox: How to Die Young at a Ripe Old Age (The Plant Paradox)
"
    
        
        
            Cards
        
    
","$,20,.,62",4.9 out of 5 stars,Whispers of the Ocean Oracle Cards
"
    
        
        
            Kindle
        
    
,
    
        
        
            Audible Audiobook
        
    
,
    
        
        
            Mass Market Paperback
        
    
","$,7,.,99,$,0,.,00,$,8,.,99",4.4 out of 5 stars,Up Country (Paul Brenner Book 2)
"
    
        
        
            Hardcover
        
    
","$,41,.,13",4.5 out of 5 stars,Disney Princess: A Magical Pop-Up World
"
    
        
        
            Hardcover
        
    
","$,11,.,68",4.6 out of 5 stars,The Book of Unusual Knowledge
"
    
        
        
            Kindle
        
    
,
    
        
        
            Audible Audiobook
        
    
,
    
        
        
            Paperback
        
    
","$,0,.,00,$,0,.,00,$,11,.,99",4.6 out of 5 stars,Bad Memory (Jessica Shaw Book 2)
"
    
        
        
            Kindle
        
    
,
    
        
        
            Plastic Comb
        
    
","$,9,.,99,$,10,.,59",4.7 out of 5 stars,"Alfred's Basic Adult All-in-One Course, Book 1: Learn How to Play Piano with Lesson, Theory and Technic: Lesson, Theory, Technique (Alfred's Basic Adult Piano Course)"
"
    
        
        
            Paperback
        
    
,
    
        
        
            Kindle
        
    
,
    
        
        
            Audible Audiobook
        
    
","$,13,.,99,$,10,.,99,$,0,.,00",3.7 out of 5 stars,"30 Days to Social Media Success: The 30 Day Results Guide to Making the Most of Twitter, Blogging, LinkedIN, and Facebook (30 Days series)"
"
    
        
        
            Kindle
        
    
,
    
        
        
            Audible Audiobook
        
    
,
    
        
        
            Paperback
        
    
","$,0,.,00,$,0,.,00,$,10,.,99",4.5 out of 5 stars,Cut and Run
"
    
        
        
            Kindle
        
    
,
    
        
        
            Hardcover
        
    
,
    
        
        
            Paperback
        
    
","$,2,.,99",4.5 out of 5 stars,The Koehler Method of Dog Training
"
    
        
        
            Paperback
        
    
,
    
        
        
            Kindle
        
    
","$,8,.,99,$,0,.,00",4.4 out of 5 stars,Diabetic Cookbook and Meal Plan for the Newly Diagnosed: A 4-Week Introductory Guide to Manage Type 2 Diabetes
"
    
        
        
            Prime Video
        
    
",,4.4 out of 5 stars,Last Flag Flying
"
    
        
        
            Paperback
        
    
,
    
        
        
            Audible Audiobook
        
    
,
    
        
        
            Kindle
        
    
","$,7,.,18,$,0,.,00,$,7,.,99",4.7 out of 5 stars,The Wishing Spell (The Land of Stories (1))
"
    
        
        
            Paperback
        
    
,
    
        
        
            Kindle
        
    
","$,14,.,95,$,9,.,99",4.7 out of 5 stars,My Life and the Final Days of Hollywood
"
    
        
        
            Kindle
        
    
,
    
        
        
            Audible Audiobook
        
    
,
    
        
        
            Hardcover
        
    
","$,11,.,49,$,0,.,00,$,25,.,99",4.2 out of 5 stars,Bel Canto (Harper Perennial Deluxe Editions)
"
    
        
        
            Paperback
        
    
,
    
        
        
            Kindle
        
    
,
    
        
        
            Audible Audiobook
        
    
","$,16,.,49,$,9,.,99,$,0,.,00",4.4 out of 5 stars,The Beck Diet Solution: Train Your Brain to Think Like a Thin Person
"
    
        
        
            Hardcover
        
    
","$,25,.,25",4.2 out of 5 stars,"The Birthday Book: Birthdays, Anniversaries and Special Days to Remember"
"
    
        
        
            Kindle
        
    
,
    
        
        
            Audible Audiobook
        
    
,
    
        
        
            Paperback
        
    
","$,0,.,00,$,0,.,00,$,14,.,99",4.6 out of 5 stars,30 Days of Justis (Michael Gresham Legal Thrillers Book 8)
"
    
        
        
            Paperback
        
    
,
    
        
        
            Audible Audiobook
        
    
,
    
        
        
            Kindle
        
    
","$,19,.,99,$,0,.,00,$,0,.,00",4.3 out of 5 stars,Eat Stop Eat: Intermittent Fasting for Health and Weight Loss (English)
"
    
        
        
            Board book
        
    
","$,9,.,00",4.8 out of 5 stars,Sesame Street - E is for Elmo! ABCs - My First Look and Find Activity Book - PI Kids
"
    
        
        
            Kindle
        
    
,
    
        
        
            Audible Audiobook
        
    
,
    
        
        
            Mass Market Paperback
        
    
","$,9,.,99,$,0,.,00",4.4 out of 5 stars,Hour Game (King & Maxwell Series Book 2)
"
    
        
        
            Paperback
        
    
,
    
        
        
            Kindle
        
    
","$,12,.,99,$,4,.,99",4.6 out of 5 stars,"Super Cheap Japan: Budget Travel in Tokyo, Kyoto, Osaka, Nara, Hiroshima and Surrounding Areas (Super Cheap Guides)"
"
    
        
        
            Kindle
        
    
,
    
        
        
            Audible Audiobook
        
    
,
    
        
        
            Paperback
        
    
","$,9,.,99,$,0,.,00,$,14,.,99",4.6 out of 5 stars,No Man's Land (John Puller Series Book 4)
"
    
        
        
            Paperback
        
    
,
    
        
        
            Kindle
        
    
","$,39,.,98,$,17,.,93",4.8 out of 5 stars,Atlas of Human Anatomy: Including Student Consult Interactive Ancillaries and Guides (Netter Basic Science)
"
    
        
        
            Kindle
        
    
,
    
        
        
            Audible Audiobook
        
    
","$,0,.,00,$,0,.,00",4.4 out of 5 stars,It's Not About You: A Brief Guide to a Meaningful Life
"
    
        
        
            Paperback
        
    
,
    
        
        
            Kindle
        
    
","$,17,.,13,$,8,.,99",5.0 out of 5 stars,Radioactive Painting: How a Cancer Treatment Lit Up My Creative Practice
"
    
        
        
            Paperback
        
    
,
    
        
        
            Kindle
        
    
,
    
        
        
            Audible Audiobook
        
    
","$,7,.,99,$,8,.,99,$,0,.,00",4.6 out of 5 stars,The Wedding
"
    
        
        
            Audible Audiobook
        
    
,
    
        
        
            Kindle
        
    
,
    
        
        
            Paperback
        
    
","$,0,.,00,$,9,.,97,$,21,.,97",4.7 out of 5 stars,"The Fast Track to Your General Class Ham Radio License: Comprehensive preparation for all FCC General Class Exam Questions July 1, 2019 until June 30, 2023 (Fast Track Ham License Series, Book 2)"
"
    
        
        
            Paperback
        
    
,
    
        
        
            Kindle
        
    
","$,0,.,00",4.3 out of 5 stars,The Mediterranean Diet Weight Loss Solution: The 28-Day Kickstart Plan for Lasting Weight Loss
"
    
        
        
            Audible Audiobook
        
    
,
    
        
        
            Kindle
        
    
,
    
        
        
            Paperback
        
    
","$,0,.,00,$,11,.,99,$,40,.,80",4.9 out of 5 stars,"The Boy Who Was Raised as a Dog: And Other Stories from a Child Psychiatrist's Notebook - What Traumatized Children Can Teach Us About Loss, Love, and Healing"
"
    
        
        
            Kindle
        
    
,
    
        
        
            Paperback
        
    
,
    
        
        
            Audible Audiobook
        
    
","$,0,.,00,$,14,.,29,$,0,.,00",4.8 out of 5 stars,Spirit Prophecy (The Gateway Trilogy Book 2)
"
    
        
        
            Paperback
        
    
,
    
        
        
            Audible Audiobook
        
    
,
    
        
        
            Kindle
        
    
","$,15,.,99,$,0,.,00,$,11,.,99",3.8 out of 5 stars,House of Nails: A Memoir of Life on the Edge
"
    
        
        
            Paperback
        
    
,
    
        
        
            Audible Audiobook
        
    
,
    
        
        
            Kindle
        
    
","$,15,.,85,$,0,.,00,$,12,.,99",4.8 out of 5 stars,"Beyond the Pill: A 30-Day Program to Balance Your Hormones, Reclaim Your Body, and Reverse the Dangerous Side Effects of the Birth Control Pill"
"
    
        
        
            Paperback
        
    
,
    
        
        
            Kindle
        
    
,
    
        
        
            Audible Audiobook
        
    
","$,12,.,99,$,0,.,00",4.3 out of 5 stars,"Healthy Sleep Habits, Happy Child, 4th Edition: A Step-by-Step Program for a Good Night's Sleep"
"
    
        
        
            Hardcover
        
    
,
    
        
        
            Audible Audiobook
        
    
,
    
        
        
            Kindle
        
    
","$,0,.,00,$,10,.,99",4.4 out of 5 stars,The Keto Reset Diet: Reboot Your Metabolism in 21 Days and Burn Fat Forever
"
    
        
        
            Hardcover
        
    
,
    
        
        
            Audible Audiobook
        
    
,
    
        
        
            Kindle
        
    
","$,13,.,49,$,0,.,00,$,13,.,99",4.1 out of 5 stars,You Never Forget Your First: A Biography of George Washington
"
    
        
        
            Hardcover
        
    
,
    
        
        
            Kindle
        
    
,
    
        
        
            Audible Audiobook
        
    
","$,13,.,99,$,9,.,99,$,0,.,00",4.5 out of 5 stars,Finding Mrs. Ford: A Novel
"
    
        
        
            Kindle
        
    
,
    
        
        
            Paperback
        
    
,
    
        
        
            Audible Audiobook
        
    
","$,13,.,19,$,0,.,00",4.4 out of 5 stars,"Since Yesterday: The 1930s in America, September 3, 1929–September 3, 1939"
"
    
        
        
            Kindle
        
    
,
    
        
        
            Audible Audiobook
        
    
,
    
        
        
            Mass Market Paperback
        
    
","$,7,.,99,$,0,.,00,$,9,.,99",4.1 out of 5 stars,Presumed Innocent: A Novel (Kindle County Book 1)
"
    
        
        
            Hardcover
        
    
,
    
        
        
            Kindle
        
    
,
    
        
        
            Audible Audiobook
        
    
","$,14,.,59,$,13,.,19,$,0,.,00",4.7 out of 5 stars,Faith for Exiles: 5 Ways for a New Generation to Follow Jesus in Digital Babylon
"
    
        
        
            Mass Market Paperback
        
    
,
    
        
        
            Kindle
        
    
,
    
        
        
            Audible Audiobook
        
    
","$,9,.,99,$,9,.,49,$,0,.,00",4.7 out of 5 stars,Thirty Seconds Over Tokyo
"
    
        
        
            Paperback
        
    
,
    
        
        
            Kindle
        
    
","$,15,.,99",4.7 out of 5 stars,Investing All-in-One For Dummies (For Dummies (Business & Personal Finance))
"
    
        
        
            Paperback
        
    
,
    
        
        
            Kindle
        
    
,
    
        
        
            Hardcover
        
    
","$,14,.,04,$,13,.,99,$,41,.,17",4.5 out of 5 stars,Back RX: A 15-Minute-a-Day Yoga- and Pilates-Based Program to End Low Back Pain Fully Updated and Revised
"
    
        
        
            Paperback
        
    
","$,6,.,40",4.5 out of 5 stars,WILD 5 Wellness KickStart30: A Proven 30-Day Mental Wellness Program
"
    
        
        
            Paperback
        
    
,
    
        
        
            Kindle
        
    
","$,9,.,99",4.3 out of 5 stars,The 21-Day Sugar Detox: Bust Sugar & Carb Cravings Naturally
"
    
        
        
            Hardcover
        
    
,
    
        
        
            Kindle
        
    
","$,21,.,49,$,10,.,99",4.8 out of 5 stars,"Keto Meal Prep by FlavCity: 125+ Low Carb Recipes That Actually Taste Good (Keto Cookbook, Keto Diet Recipes, Keto Foods, Keto Dinner Ideas)"
"
    
        
        
            Hardcover
        
    
,
    
        
        
            Kindle
        
    
","$,11,.,39,$,4,.,99",4.8 out of 5 stars,God Hears Her: 365 Devotions for Women by Women
"
    
        
        
            Audible Audiobook
        
    
,
    
        
        
            Hardcover
        
    
,
    
        
        
            Kindle
        
    
","$,0,.,00,$,13,.,99",4.6 out of 5 stars,12 Rules for Life: An Antidote to Chaos
"
    
        
        
            Hardcover
        
    
,
    
        
        
            Audible Audiobook
        
    
,
    
        
        
            Kindle
        
    
","$,14,.,89,$,0,.,00,$,12,.,99",4.7 out of 5 stars,"Fanatical Prospecting: The Ultimate Guide to Opening Sales Conversations and Filling the Pipeline by Leveraging Social Selling, Telephone, Email, Text, and Cold Calling"
"
    
        
        
            Audible Audiobook
        
    
,
    
        
        
            Paperback
        
    
,
    
        
        
            Kindle
        
    
","$,0,.,00,$,18,.,99,$,0,.,00",4.8 out of 5 stars,"Safety Walk Safety Talk: How Small Changes in What You Think, Say, and Do Shape Your Safety Culture"
"
    
        
        
            Kindle
        
    
,
    
        
        
            Audible Audiobook
        
    
,
    
        
        
            Paperback
        
    
","$,4,.,99,$,0,.,00,$,12,.,99",4.6 out of 5 stars,Hollywood Playboy (Hollywood Royalty Book 1)
"
    
        
        
            Paperback
        
    
","$,50,.,84",3.7 out of 5 stars,TExES School Librarian (150) Secrets Study Guide: TExES Test Review for the Texas Examinations of Educator Standards
"
    
        
        
            Kindle
        
    
,
    
        
        
            Paperback
        
    
,
    
        
        
            Audible Audiobook
        
    
","$,9,.,99,$,10,.,35,$,0,.,00",4.7 out of 5 stars,Losing Hope: A Novel
"
    
        
        
            Calendar
        
    
","$,18,.,95",4.9 out of 5 stars,Redleaf Calendar-Keeper 2020: A Record-Keeping System for Family Child Care Professionals (Redleaf Business Series)
"
    
        
        
            Paperback
        
    
,
    
        
        
            Kindle
        
    
","$,15,.,95,$,0,.,00",4.7 out of 5 stars,Pass Your Amateur Radio General Class Test - The Easy Way: 2019-2023 Edition
"
    
        
        
            Sheet music
        
    
","$,32,.,90",4.7 out of 5 stars,Chrono Trigger Original Sound Version Piano Sheet Music
"
    
        
        
            Kindle
        
    
,
    
        
        
            Audible Audiobook
        
    
,
    
        
        
            Paperback
        
    
","$,0,.,00,$,0,.,00,$,14,.,99",4.4 out of 5 stars,If You Were Mine
"
    
        
        
            Mass Market Paperback
        
    
,
    
        
        
            Audible Audiobook
        
    
,
    
        
        
            Kindle
        
    
","$,0,.,00,$,9,.,99",4.7 out of 5 stars,The Final Day: A John Matherson Novel
"
    
        
        
            Printed Access Code
        
    
","$,137,.,30",3.4 out of 5 stars,Mylab It with Pearson Etext -- Access Card -- For Go! 2013 with Technology in Action Complete (My It Lab)
"
    
        
        
            Paperback
        
    
","$,12,.,95",4.4 out of 5 stars,"The Memoir Workbook: A Step-by Step Guide to Help You Brainstorm, Organize, and Write Your Unique Story (The Writer's Toolbox Series)"
"
    
        
        
            Audible Audiobook
        
    
,
    
        
        
            Paperback
        
    
,
    
        
        
            Kindle
        
    
","$,0,.,00,$,13,.,99",4.5 out of 5 stars,"Too Good to Leave, Too Bad to Stay: Decide Whether to Stay In or Get Out of Your Relationship"
"
    
        
        
            Paperback
        
    
,
    
        
        
            Kindle
        
    
","$,41,.,99,$,39,.,89",4.8 out of 5 stars,"First Aid For the USMLE Step 1 2020, Thirtieth Edition"
"
    
        
        
            Kindle
        
    
","$,19,.,99",4.5 out of 5 stars,Fifty Shades Trilogy Bundle: Fifty Shades of Grey; Fifty Shades Darker; Fifty Shades Freed
"
    
        
        
            Paperback
        
    
,
    
        
        
            Kindle
        
    
","$,48,.,07,$,19,.,99",4.7 out of 5 stars,The Complete Guide to Playing Blues Guitar: Compilation (Play Blues Guitar) (Volume 4)
"
    
        
        
            Kindle
        
    
,
    
        
        
            Audible Audiobook
        
    
,
    
        
        
            Paperback
        
    
","$,0,.,00,$,0,.,00,$,12,.,99",4.3 out of 5 stars,Dark Matters: A Science Fiction Thriller (Dark Matters Trilogy Book 1)
"
    
        
        
            Paperback
        
    
","$,68,.,60",4.6 out of 5 stars,Saxon Math 5/4 Homeschool: Complete Kit 3rd Edition
"
    
        
        
            Paperback
        
    
,
    
        
        
            Kindle
        
    
,
    
        
        
            Library Binding
        
    
","$,5,.,99,$,16,.,99",4.7 out of 5 stars,The Thorn Birds
"
    
        
        
            Map
        
    
","$,19,.,95",4.6 out of 5 stars,Guide to the Stars
"
    
        
        
            Kindle
        
    
,
    
        
        
            Audible Audiobook
        
    
,
    
        
        
            Paperback
        
    
","$,0,.,00,$,0,.,00,$,12,.,50",4.6 out of 5 stars,Junkyard Pirate
"
    
        
        
            Hardcover
        
    
,
    
        
        
            Audible Audiobook
        
    
,
    
        
        
            Paperback
        
    
","$,15,.,00,$,0,.,00",4.5 out of 5 stars,Love at Last Sight: Thirty Days to Grow and Deepen Your Closest Relationships
"
    
        
        
            Hardcover
        
    
",,4.6 out of 5 stars,Last of the Summer Wine: The Finest Vintage
"
    
        
        
            Kindle
        
    
,
    
        
        
            Audible Audiobook
        
    
,
    
        
        
            Paperback
        
    
","$,0,.,00,$,0,.,00,$,12,.,00",4.6 out of 5 stars,No Vacancy
"
    
        
        
            Paperback
        
    
,
    
        
        
            Kindle
        
    
","$,7,.,95,$,0,.,00",4.0 out of 5 stars,Muscle Memory and Imagery: Better Tennis
"
    
        
        
            Kindle
        
    
,
    
        
        
            Paperback
        
    
","$,13,.,49,$,30,.,00",4.3 out of 5 stars,Bike Fit: Optimise Your Bike Position for High Performance and Injury Avoidance
"
    
        
        
            Paperback
        
    
,
    
        
        
            Kindle
        
    
","$,13,.,59,$,7,.,99",4.5 out of 5 stars,The Jaws Log: Expanded Edition (Shooting Script)
"
    
        
        
            Spiral-bound
        
    
","$,16,.,99",4.2 out of 5 stars,TrainRite Compact Fitness Journal - GET SHIT DONE
"
    
        
        
            Kindle
        
    
,
    
        
        
            Audible Audiobook
        
    
,
    
        
        
            Paperback
        
    
","$,4,.,99,$,0,.,00,$,12,.,04",4.6 out of 5 stars,Down and Dirty (Hot Jocks Book 5)
"
    
        
        
            Kindle
        
    
,
    
        
        
            Hardcover
        
    
,
    
        
        
            Audible Audiobook
        
    
","$,13,.,99,$,0,.,00",4.4 out of 5 stars,Last Couple Standing: A Novel
"
    
        
        
            Hardcover
        
    
","$,30,.,00",3.8 out of 5 stars,Old Tippecanoe: William Henry Harrison and His Time
"
    
        
        
            Paperback
        
    
,
    
        
        
            Kindle & comiXology
        
    
","$,13,.,30,$,8,.,99",4.4 out of 5 stars,#SAD!: Doonesbury in the Time of Trump
"
    
        
        
            Kindle
        
    
,
    
        
        
            Audible Audiobook
        
    
,
    
        
        
            Paperback
        
    
","$,0,.,00,$,0,.,00,$,13,.,99",4.5 out of 5 stars,Focused: A hate to love sports romance
"
    
        
        
            Paperback
        
    
,
    
        
        
            eTextbook
        
    
","$,22,.,49,$,19,.,25",4.6 out of 5 stars,"Teach Yourself Electricity and Electronics, Sixth Edition"
"
    
        
        
            Mass Market Paperback
        
    
,
    
        
        
            Audible Audiobook
        
    
,
    
        
        
            Kindle
        
    
","$,7,.,48,$,0,.,00,$,9,.,99",4.5 out of 5 stars,One Year After: A John Matherson Novel
"
    
        
        
            Hardcover
        
    
","$,22,.,99",4.8 out of 5 stars,My Bucketlist (Insert Your Story)
"
    
        
        
            Paperback
        
    
,
    
        
        
            Kindle
        
    
,
    
        
        
            Hardcover
        
    
","$,16,.,95,$,14,.,99",4.3 out of 5 stars,The Last Cattle Drive: 30th Anniversary Edition
"
    
        
        
            Kindle
        
    
","$,0,.,00",4.5 out of 5 stars,The Dead Cold Series: Books 9-12 (A Dead Cold Box Set Book 3)
"
    
        
        
            Hardcover
        
    
,
    
        
        
            Kindle
        
    
","$,18,.,99,$,15,.,99",4.3 out of 5 stars,"Cook90: The 30-Day Plan for Faster, Healthier, Happier Meals"
"
    
        
        
            Kindle
        
    
,
    
        
        
            Audible Audiobook
        
    
,
    
        
        
            Paperback
        
    
","$,0,.,00,$,0,.,00,$,6,.,49",4.6 out of 5 stars,The Wonder of Now (Sanctuary Sound Book 3)
"
    
        
        
            Paperback
        
    
","$,24,.,00",4.5 out of 5 stars,The Erg Book: 375+ of the Greatest Indoor Rowing  Workouts of All Time
"
    
        
        
            Paperback
        
    
,
    
        
        
            Kindle
        
    
,
    
        
        
            Hardcover
        
    
","$,0,.,00",4.6 out of 5 stars,The Lords of Discipline: A Novel
"
    
        
        
            Paperback
        
    
","$,14,.,63",4.6 out of 5 stars,Staying Sober: A Guide for Relapse Prevention
"
    
        
        
            Paperback
        
    
,
    
        
        
            Audible Audiobook
        
    
,
    
        
        
            Kindle
        
    
","$,0,.,00,$,14,.,99",4.5 out of 5 stars,"ROAR: How to Match Your Food and Fitness to Your Unique Female Physiology for Optimum Performance, Great Health, and a Strong, Lean Body for Life"
"
    
        
        
            Hardcover
        
    
,
    
        
        
            Audible Audiobook
        
    
,
    
        
        
            Kindle
        
    
","$,15,.,27,$,0,.,00,$,12,.,99",4.7 out of 5 stars,Sales Differentiation: 19 Powerful Strategies to Win More Deals at the Prices You Want
"
    
        
        
            Hardcover
        
    
,
    
        
        
            Audible Audiobook
        
    
,
    
        
        
            Kindle
        
    
","$,21,.,10,$,0,.,00,$,12,.,99",4.8 out of 5 stars,"Male vs. Man: How to Honor Women, Teach Children, and Elevate Men to Change the World"
"
    
        
        
            Paperback
        
    
","$,29,.,95",3.6 out of 5 stars,The Science of Climate Change: A Hands-On Course
"
    
        
        
            Kindle
        
    
,
    
        
        
            Paperback
        
    
","$,0,.,00,$,11,.,99",4.6 out of 5 stars,Rescue Flight
"
    
        
        
            Kindle
        
    
,
    
        
        
            Audible Audiobook
        
    
,
    
        
        
            Hardcover
        
    
","$,1,.,99,$,0,.,00",3.9 out of 5 stars,The First Deadly Sin (The Edward X. Delaney Series Book 1)
"
    
        
        
            Imitation Leather
        
    
,
    
        
        
            Hardcover
        
    
","$,57,.,98,$,46,.,86",4.7 out of 5 stars,"NKJV Life Application Study Bible, Second Edition, Large Print, TuTone (Red Letter, LeatherLike, Dark Brown/Pink, Indexed)"
"
    
        
        
            Hardcover
        
    
,
    
        
        
            Kindle
        
    
,
    
        
        
            Audible Audiobook
        
    
","$,14,.,99,$,13,.,49,$,0,.,00",4.5 out of 5 stars,10 Minutes 38 Seconds in This Strange World
"
    
        
        
            Kindle
        
    
,
    
        
        
            Audible Audiobook
        
    
,
    
        
        
            Mass Market Paperback
        
    
","$,0,.,00,$,0,.,00,$,9,.,99",4.4 out of 5 stars,The Seekers (The Kent Family Chronicles Book 3)
"
    
        
        
            Hardcover
        
    
","$,14,.,29",4.7 out of 5 stars,"KJV, Pew Bible, Large Print, Hardcover, Black, Red Letter Edition, Comfort Print: Holy Bible, King James Version"
"
    
        
        
            Paperback
        
    
,
    
        
        
            Audible Audiobook
        
    
,
    
        
        
            Kindle
        
    
","$,12,.,89,$,0,.,00,$,9,.,99",4.6 out of 5 stars,"Lamb: The Gospel According to Biff, Christ's Childhood Pal"
"
    
        
        
            Mass Market Paperback
        
    
,
    
        
        
            Kindle
        
    
,
    
        
        
            Leather Bound
        
    
","$,39,.,99,$,47,.,36",4.7 out of 5 stars,A Game of Thrones / A Clash of Kings / A Storm of Swords / A Feast of Crows / A Dance with Dragons 
"
    
        
        
            Paperback
        
    
,
    
        
        
            Audible Audiobook
        
    
,
    
        
        
            Kindle
        
    
","$,0,.,00,$,9,.,99",4.5 out of 5 stars,"Finding Ultra, Revised and Updated Edition: Rejecting Middle Age, Becoming One of the World's Fittest Men, and Discovering Myself"
"
    
        
        
            Audible Audiobook
        
    
,
    
        
        
            Paperback
        
    
,
    
        
        
            Kindle
        
    
","$,0,.,00,$,0,.,00",4.6 out of 5 stars,Scrappy Little Nobody
"
    
        
        
            Novelty Book
        
    
",,4.8 out of 5 stars,Bug Bingo
"
    
        
        
            Mass Market Paperback
        
    
,
    
        
        
            Kindle
        
    
,
    
        
        
            Audible Audiobook
        
    
","$,8,.,99,$,0,.,00",4.6 out of 5 stars,The Shadow of Your Smile
"
    
        
        
            Hardcover
        
    
,
    
        
        
            Paperback
        
    
","$,61,.,79,$,78,.,12",4.4 out of 5 stars,The Selected Works of Samuel Beckett
"
    
        
        
            Paperback
        
    
,
    
        
        
            Kindle
        
    
","$,7,.,99,$,5,.,99",4.8 out of 5 stars,The 30-Day Praise Challenge
"
    
        
        
            Paperback
        
    
,
    
        
        
            Audible Audiobook
        
    
,
    
        
        
            Kindle
        
    
","$,0,.,00,$,9,.,24",4.5 out of 5 stars,"The Code Red Revolution: How Thousands of People are Losing Weight and Keeping It Off WITHOUT Pills, Shakes, Diet Foods, or Exercise"
"
    
        
        
            Paperback
        
    
",,4.8 out of 5 stars,Radical Mycology: A Treatise On Seeing And Working With Fungi
"
    
        
        
            Kindle
        
    
,
    
        
        
            Paperback
        
    
","$,0,.,00,$,8,.,99",4.5 out of 5 stars,The Simple Six: The Easy Way to Get in Shape and Stay in Shape for the Rest of your Life
"
    
        
        
            Kindle
        
    
,
    
        
        
            Paperback
        
    
","$,2,.,99,$,7,.,99",4.7 out of 5 stars,"30 Chic Days at Home: Self-care tips for when you have to stay at home, or any other time when life is challenging"
"
    
        
        
            Paperback
        
    
,
    
        
        
            Kindle
        
    
","$,21,.,95,$,9,.,99",4.7 out of 5 stars,Getting Started with French: Beginning French for Homeschoolers and Self-Taught Students of Any Age
"
    
        
        
            Hardcover
        
    
,
    
        
        
            Kindle
        
    
,
    
        
        
            Audible Audiobook
        
    
","$,12,.,99,$,0,.,00",4.2 out of 5 stars,The Fast Metabolism Diet: Eat More Food and Lose More Weight
"
    
        
        
            Paperback
        
    
,
    
        
        
            Kindle
        
    
","$,7,.,59,$,7,.,21",4.8 out of 5 stars,Keep Going: 10 Ways to Stay Creative in Good Times and Bad
"
    
        
        
            Hardcover
        
    
,
    
        
        
            Kindle
        
    
,
    
        
        
            Audible Audiobook
        
    
","$,17,.,32,$,3,.,99,$,0,.,00",4.7 out of 5 stars,Chuck D Presents This Day in Rap and Hip-Hop History
"
    
        
        
            Paperback
        
    
,
    
        
        
            Kindle
        
    
","$,20,.,99,$,18,.,39",4.4 out of 5 stars,"German All-in-One For Dummies, with CD"
"
    
        
        
            Audible Audiobook
        
    
,
    
        
        
            Hardcover
        
    
,
    
        
        
            Kindle
        
    
","$,0,.,00,$,12,.,99",4.6 out of 5 stars,Paul: A Biography
"
    
        
        
            Paperback
        
    
,
    
        
        
            Kindle
        
    
,
    
        
        
            Hardcover
        
    
","$,10,.,49,$,47,.,98",4.7 out of 5 stars,The Tibetan Book of Living and Dying: The Spiritual Classic & International Bestseller: 25th Anniversary Edition
"
    
        
        
            Paperback
        
    
","$,15,.,80",4.7 out of 5 stars,"The Otaku in 10,000 B.C. - Volume 2 (Hentai Manga)"
"
    
        
        
            Kindle Edition
        
    
","$,0,.,00",4.0 out of 5 stars,"Launch a Nanny Agency in 30 days: How to establish, market and run a successful nanny agency"
"
    
        
        
            Paperback
        
    
,
    
        
        
            Kindle
        
    
,
    
        
        
            Audible Audiobook
        
    
","$,9,.,59,$,9,.,99,$,0,.,00",4.6 out of 5 stars,The Vanishing Stair (Truly Devious)
"
    
        
        
            Paperback
        
    
","$,18,.,79",3.9 out of 5 stars,Life With a Partner or Spouse With Asperger Syndrome: Going Over the Edge? Practical Steps to Savings You and Your Relationship
"
    
        
        
            Hardcover
        
    
,
    
        
        
            Kindle
        
    
,
    
        
        
            Audible Audiobook
        
    
","$,13,.,19,$,10,.,99,$,0,.,00",4.9 out of 5 stars,God's Wisdom for Navigating Life: A Year of Daily Devotions in the Book of Proverbs
"
    
        
        
            Kindle
        
    
,
    
        
        
            Audible Audiobook
        
    
,
    
        
        
            Paperback
        
    
","$,9,.,99,$,0,.,00,$,8,.,49",4.6 out of 5 stars,"The Final Cut (A Brit in the FBI, Book 1)"
"
    
        
        
            Audible Audiobook
        
    
,
    
        
        
            Kindle
        
    
,
    
        
        
            Paperback
        
    
","$,0,.,00,$,11,.,99",4.4 out of 5 stars,The Ruin
"
    
        
        
            Kindle
        
    
,
    
        
        
            Audible Audiobook
        
    
,
    
        
        
            Paperback
        
    
","$,0,.,00,$,0,.,00,$,9,.,99",4.5 out of 5 stars,Ask Me to Stay
"
    
        
        
            Hardcover
        
    
,
    
        
        
            Kindle
        
    
","$,52,.,58,$,27,.,99",4.4 out of 5 stars,Handbook of Clinical Psychopharmacology for Therapists
"
    
        
        
            Kindle
        
    
,
    
        
        
            Paperback
        
    
","$,3,.,99,$,11,.,99",4.4 out of 5 stars,Dad in an Instant (Lone Star Dads Book 1)
"
    
        
        
            Hardcover
        
    
,
    
        
        
            Kindle
        
    
","$,22,.,99,$,14,.,99",,Why Jews Do That: Or 30 Questions Your Rabbi Never Answered
"
    
        
        
            Kindle
        
    
,
    
        
        
            Hardcover
        
    
,
    
        
        
            Paperback
        
    
","$,7,.,99,$,48,.,49,$,23,.,67",4.7 out of 5 stars,Artisan Bread in Five Minutes a Day: The Discovery That Revolutionizes Home Baking
"
    
        
        
            Kindle
        
    
,
    
        
        
            Audible Audiobook
        
    
,
    
        
        
            Paperback
        
    
","$,0,.,00,$,0,.,00,$,16,.,99",4.6 out of 5 stars,Highland Queen (The Celtic Blood Series Book 4)
"
    
        
        
            Kindle
        
    
,
    
        
        
            Paperback
        
    
","$,9,.,99,$,19,.,95",1.8 out of 5 stars,The Jilly Juice Protocol: Exposing the Lies Candida Weaponized Fungus Mainstreaming Mutancy
"
    
        
        
            Paperback
        
    
,
    
        
        
            Kindle
        
    
","$,8,.,49",4.7 out of 5 stars,She Felt Like Feeling Nothing
"
    
        
        
            Paperback
        
    
","$,13,.,49",4.8 out of 5 stars,BoatSense: Lessons and Yarns from a Marine Writer's Life Afloat
"
    
        
        
            Kindle
        
    
,
    
        
        
            Paperback
        
    
","$,4,.,99,$,10,.,99",4.7 out of 5 stars,Return to the Island (Lighthouse Point Book 5)
"
    
        
        
            Kindle
        
    
,
    
        
        
            Paperback
        
    
","$,4,.,99,$,19,.,99",4.7 out of 5 stars,Journey to Health: A Journey Worth Taking: Cooking Keto with Kristie (Kindle edition)
"
    
        
        
            Kindle
        
    
,
    
        
        
            Audible Audiobook
        
    
,
    
        
        
            Paperback
        
    
","$,0,.,00,$,0,.,00,$,13,.,78",4.7 out of 5 stars,Detective Jack Stratton Mystery Thriller Series: DATA JACK
"
    
        
        
            Paperback
        
    
,
    
        
        
            Kindle
        
    
,
    
        
        
            Hardcover
        
    
","$,19,.,99,$,18,.,99,$,40,.,00",5.0 out of 5 stars,Life on Muskrat Creek: A Homestead Family in Wyoming
"
    
        
        
            Kindle
        
    
,
    
        
        
            Paperback
        
    
","$,0,.,00,$,14,.,00",4.6 out of 5 stars,The Boys in the Church (Joe Court Book 3)
"
    
        
        
            Audible Audiobook
        
    
,
    
        
        
            Kindle
        
    
,
    
        
        
            Paperback
        
    
","$,0,.,00,$,0,.,00,$,16,.,00",4.8 out of 5 stars,"The Fall of Neverdark: The Echoes Saga, Book 4"
"
    
        
        
            Kindle
        
    
,
    
        
        
            Paperback
        
    
,
    
        
        
            Audible Audiobook
        
    
","$,0,.,00,$,14,.,99,$,0,.,00",4.4 out of 5 stars,Elastic Habits: How to Create Smarter Habits That Adapt to Your Day
"
    
        
        
            Board book
        
    
,
    
        
        
            Hardcover
        
    
","$,6,.,29",4.8 out of 5 stars,"Hello, Animals! (Tiger Tales)"
"
    
        
        
            Kindle
        
    
,
    
        
        
            Audible Audiobook
        
    
,
    
        
        
            Mass Market Paperback
        
    
","$,3,.,99,$,0,.,00",4.6 out of 5 stars,Dragonflight: Volume I in The Dragonriders of Pern
"
    
        
        
            Audible Audiobook
        
    
,
    
        
        
            Kindle
        
    
,
    
        
        
            Paperback
        
    
","$,0,.,00,$,0,.,00,$,13,.,99",4.8 out of 5 stars,"The Seventh Vial: A Novel of the Great Tribulation: The Days of Elijah, Book 4"
"
    
        
        
            Paperback
        
    
,
    
        
        
            Kindle
        
    
","$,10,.,95,$,0,.,00",4.3 out of 5 stars,Keto Diet Cookbook For Beginners: 550 Recipes For Busy People on Keto Diet (Keto Diet for Beginners)
"
    
        
        
            Hardcover
        
    
,
    
        
        
            Kindle
        
    
,
    
        
        
            Audible Audiobook
        
    
","$,19,.,29,$,13,.,99,$,0,.,00",4.6 out of 5 stars,Miss Julia Knows a Thing or Two: A Novel
"
    
        
        
            Calendar
        
    
","$,11,.,76",4.7 out of 5 stars,Johanna Basford 2020 Weekly Coloring  Planner Calendar
"
    
        
        
            Audible Audiobook
        
    
,
    
        
        
            Kindle
        
    
,
    
        
        
            Mass Market Paperback
        
    
","$,0,.,00,$,9,.,99",4.4 out of 5 stars,Hidden Order
"
    
        
        
            Hardcover
        
    
,
    
        
        
            Paperback
        
    
",,4.9 out of 5 stars,Trouble for Trumpets
"
    
        
        
            Hardcover
        
    
,
    
        
        
            Kindle
        
    
,
    
        
        
            Paperback
        
    
","$,19,.,99",4.8 out of 5 stars,The Stories of Ray Bradbury (Everyman's Library Contemporary Classics Series)
"
    
        
        
            Kindle
        
    
","$,2,.,99",4.5 out of 5 stars,The Death of Hitler 1945: The Last Days in the Berlin Bunker
"
    
        
        
            Paperback
        
    
,
    
        
        
            Kindle
        
    
,
    
        
        
            Hardcover
        
    
","$,11,.,99,$,56,.,48",4.3 out of 5 stars,Dr. Neal Barnard's Program for Reversing Diabetes: The Scientifically Proven System for Reversing Diabetes Without Drugs
"
    
        
        
            Hardcover
        
    
,
    
        
        
            Kindle
        
    
,
    
        
        
            Paperback
        
    
","$,17,.,99",4.7 out of 5 stars,"The Complete Cooking for Two Cookbook, Gift Edition: 650 Recipes for Everything You'll Ever Want to Make"
"
    
        
        
            Paperback
        
    
,
    
        
        
            Audible Audiobook
        
    
,
    
        
        
            Kindle
        
    
","$,0,.,00,$,9,.,99",4.6 out of 5 stars,"Super Immunity: The Essential Nutrition Guide for Boosting Your Body's Defenses to Live Longer, Stronger, and Disease Free (Eat for Life)"
"
    
        
        
            Kindle
        
    
,
    
        
        
            Hardcover
        
    
","$,12,.,99",4.3 out of 5 stars,Live Your Best Day Ever: Thirty-Five Strategies For Daily Success
"
    
        
        
            Prime Video
        
    
","$,3,.,99",4.8 out of 5 stars,The Gruffalo
"
    
        
        
            Paperback
        
    
,
    
        
        
            Kindle & comiXology
        
    
,
    
        
        
            Hardcover
        
    
","$,6,.,50,$,7,.,99,$,16,.,59",4.9 out of 5 stars,The Lost Heir (Wings of Fire Graphic Novel)
"
    
        
        
            Kindle
        
    
,
    
        
        
            Mass Market Paperback
        
    
,
    
        
        
            Audible Audiobook
        
    
","$,7,.,99,$,0,.,00",4.6 out of 5 stars,Something Read Something Dead: A Lighthouse Library Mystery
"
    
        
        
            Hardcover
        
    
,
    
        
        
            Audible Audiobook
        
    
,
    
        
        
            Kindle
        
    
","$,17,.,50,$,0,.,00,$,8,.,99",4.7 out of 5 stars,Ghost Riders: When US and German Soldiers Fought Together to Save the World's Most Beautiful Horses in the Last Days of World War II
"
    
        
        
            Kindle
        
    
,
    
        
        
            Paperback
        
    
,
    
        
        
            Audible Audiobook
        
    
","$,7,.,99,$,0,.,00",4.6 out of 5 stars,Swear on This Life: A Novel
"
    
        
        
            Hardcover
        
    
,
    
        
        
            Kindle
        
    
","$,14,.,99",4.5 out of 5 stars,"Waiting to Derail: Ryan Adams and Whiskeytown, Alt-Country's Brilliant Wreck"
"
    
        
        
            Kindle
        
    
,
    
        
        
            Paperback
        
    
,
    
        
        
            Audible Audiobook
        
    
","$,9,.,99,$,12,.,76,$,0,.,00",4.3 out of 5 stars,The Edge of Lost
"
    
        
        
            Paperback
        
    
,
    
        
        
            Kindle
        
    
","$,15,.,99,$,9,.,99",4.7 out of 5 stars,"Slow Cooked Paleo: 75 Real Food Recipes for Effortless, Wholesome Meals in Your Slow Cooker"
"
    
        
        
            Board book
        
    
","$,21,.,92",4.7 out of 5 stars,"World of Eric Carle, Animal Tales Sound Storybook Treasury - Play-a-Sound - PI Kids"
"
    
        
        
            Audible Audiobook
        
    
,
    
        
        
            Kindle
        
    
,
    
        
        
            Mass Market Paperback
        
    
","$,0,.,00,$,8,.,99",4.5 out of 5 stars,"The Plains of Passage: Earth's Children, Book 4"
